s{,s撬,s{&s撬
s,c,sc
s,,s
s,`,s`
s,Vh,sVh
s,,s
s,䓌,s䓌
s,nc,snc
s,],s]
s,i,si
s,ڍ,sڍ
s,c,sc
s,cJ,scJ
s,aJ,saJ
s,,s
s,,s
s,L,sL
s,k,sk
s,r,sr
s,,s
s,n,sn
s,,s
s,,s
s,]ː,s]ː
s,qs,sqs
s,s,ss
s,s,ss
s,Os,sOs
s,~s,s~s
s,{s,s{s
s,s,ss
s,zs,szs
s,cs,scs
s,s,ss
s,s,ss
s,s,ss
s,Rs,sRs
s,s,ss
s,s,ss
s,s,ss
s,]s,s]s
s,as,sas
s,s,ss
s,vĎs,svĎs
s,Rs,sRs
s,s,ss
s,s,ss
s,Hs,sHs
s,s,ss
s,s,ss
s,䒬,s䒬
s,̏o,s̏o
s,w,sw
s,,s
s,哇,s哇
s,,s
s,V,sV
s,_Ó,s_Ó
s,O,sO
s,䑠,s䑠
s,䒬,s䒬
s,,s
s,},s}
_ސ쌧,lsߌ,_ސ쌧lsߌ
_ސ쌧,ls_ސ,_ސ쌧ls_ސ
_ސ쌧,ls,_ސ쌧ls
_ސ쌧,ls,_ސ쌧ls
_ސ쌧,ls,_ސ쌧ls
_ސ쌧,lsۓyPJ,_ސ쌧lsۓyPJ
_ސ쌧,lsq,_ސ쌧lsq
_ސ쌧,ls,_ސ쌧ls
_ސ쌧,ls`k,_ސ쌧ls`k
_ސ쌧,ls˒ˋ,_ސ쌧ls˒ˋ
_ސ쌧,ls`,_ސ쌧ls`
_ސ쌧,ls,_ސ쌧ls
_ސ쌧,ls΋,_ސ쌧ls΋
_ސ쌧,lsJ,_ސ쌧lsJ
_ސ쌧,lsh,_ސ쌧lsh
_ސ쌧,ls,_ސ쌧ls
_ސ쌧,lst,_ސ쌧lst
_ސ쌧,lss},_ސ쌧lss}
_ސ쌧,s,_ސ쌧s
_ސ쌧,sK,_ސ쌧sK
_ސ쌧,s,_ސ쌧s
_ސ쌧,sË,_ސ쌧sË
_ސ쌧,s,_ސ쌧s
_ސ쌧,s{O,_ސ쌧s{O
_ސ쌧,s,_ސ쌧s
_ސ쌧,͌s΋,_ސ쌧͌s΋
_ސ쌧,͌s,_ސ쌧͌s
_ސ쌧,͌s,_ސ쌧͌s
_ސ쌧,{s,_ސ쌧{s
_ސ쌧,ˎs,_ސ쌧ˎs
_ސ쌧,qs,_ސ쌧qs
_ސ쌧,s,_ސ쌧s
_ސ쌧,cs,_ސ쌧cs
_ސ쌧,s,_ސ쌧s
_ސ쌧,qs,_ސ쌧qs
_ސ쌧,OYs,_ސ쌧OYs
_ސ쌧,`s,_ސ쌧`s
_ސ쌧,؎s,_ސ쌧؎s
_ސ쌧,as,_ސ쌧as
_ސ쌧,ɐs,_ސ쌧ɐs
_ސ쌧,CVs,_ސ쌧CVs
_ސ쌧,Ԏs,_ސ쌧Ԏs
_ސ쌧,쑫s,_ސ쌧쑫s
_ސ쌧,s,_ސ쌧s
_ސ쌧,tR,_ސ쌧tR
_ސ쌧,쒬,_ސ쌧쒬
_ސ쌧,钬,_ސ쌧钬
_ސ쌧,{,_ސ쌧{
_ސ쌧,䒬,_ސ쌧䒬
_ސ쌧,䒬,_ސ쌧䒬
_ސ쌧,c,_ސ쌧c
_ސ쌧,Rk,_ސ쌧Rk
_ސ쌧,J,_ސ쌧J
_ސ쌧,,_ސ쌧
_ސ쌧,^ߒ,_ސ쌧^ߒ
_ސ쌧,͌,_ސ쌧͌
_ސ쌧,쒬,_ސ쌧쒬
_ސ쌧,쑺,_ސ쌧쑺
,s,s
,Îᏼs,Îᏼs
,SRs,SRs
,킫s,킫s
,͎s,͎s
,{s,{s
,쑽s,쑽s
,ns,ns
,{s,{s
,cs,cs
,쑊ns,쑊ns
,ɒBs,ɒBs
,{{s,{{s
,Kܒ,Kܒ
,,
,얓,얓
,ʑ,ʑ
,Β,Β
,Vh,Vh
,,
,w},w}
,,
,Ò,Ò
,k,k
,Ò,Ò
,֒,֒
,c㒬,c㒬
,Í≺,Í≺
,쑺,쑺
,Ò,Ò
,O,O
,R,R
,a,a
,Ô,Ô
,,
,葺,葺
,,
,,
,Iq,Iq
,Ւ,Ւ
,,
,L쑺,L쑺
,ΐ쒬,ΐ쒬
,ʐ쑺,ʐ쑺
,c,c
,쒬,쒬
,Óa,Óa
,Ot,Ot
,쒬,쒬
,L쒬,L쒬
,t,t
,x,x
,,
,F,F
,ot,ot
,Q],Q]
,,
,Vn,Vn
,ъڑ,ъڑ
錧,ˎs,錧ˎs
錧,s,錧s
錧,yYs,錧yYs
錧,É͎s,錧É͎s
錧,Ήs,錧Ήs
錧,s,錧s
錧,Ps,錧Ps
錧,Ȏs,錧Ȏs
錧,푍s,錧푍s
錧,헤cs,錧헤cs
錧,s,錧s
錧,ks,錧ks
錧,}Ԏs,錧}Ԏs
錧,s,錧s
錧,vs,錧vs
錧,Ύs,錧Ύs
錧,ЂȂs,錧ЂȂs
錧,s,錧s
錧,s,錧s
錧,Js,錧Js
錧,헤{s,錧헤{s
錧,߉ώs,錧߉ώs
錧,}s,錧}s
錧,Ⓦs,錧Ⓦs
錧,~s,錧~s
錧,݂s,錧݂s
錧,s,錧s
錧,_s,錧_s
錧,ss,錧ss
錧,gcs,錧gcs
錧,΂݂炢s,錧΂݂炢s
錧,ʎs,錧ʎs
錧,钬,錧钬
錧,,錧
錧,闢,錧闢
錧,C,錧C
錧,q,錧q
錧,Y,錧Y
錧,,錧
錧,͓,錧͓
錧,㒬,錧㒬
錧,܉,錧܉
錧,,錧
錧,,錧
Ȗ،,Fs{s,Ȗ،Fs{s
Ȗ،,s,Ȗ،s
Ȗ،,Ȗ؎s,Ȗ،Ȗ؎s
Ȗ،,s,Ȗ،s
Ȗ،,s,Ȗ،s
Ȗ،,s,Ȗ،s
Ȗ،,Rs,Ȗ،Rs
Ȗ،,^s,Ȗ،^s
Ȗ،,cs,Ȗ،cs
Ȗ،,s,Ȗ،s
Ȗ،,ߐ{s,Ȗ،ߐ{s
Ȗ،,s,Ȗ،s
Ȗ،,ߐ{GRs,Ȗ،ߐ{GRs
Ȗ،,s,Ȗ،s
Ȗ،,O쒬,Ȗ،O쒬
Ȗ،,vq,Ȗ،vq
Ȗ،,Ζؒ,Ȗ،Ζؒ
Ȗ،,sL,Ȗ،sL
Ȗ،,F꒬,Ȗ،F꒬
Ȗ،,p,Ȗ،p
Ȗ،,ؒ,Ȗ،ؒ
Ȗ،,J,Ȗ،J
Ȗ،,,Ȗ،
Ȗ،,ߐ{,Ȗ،ߐ{
Ȗ،,߉ϐ쒬,Ȗ،߉ϐ쒬
ʌ,܎s,ʌ܎s
ʌ,܎sk,ʌ܎sk
ʌ,܎s{,ʌ܎s{
ʌ,܎s,ʌ܎s
ʌ,܎s,ʌ܎s
ʌ,܎s,ʌ܎s
ʌ,܎sYa,ʌ܎sYa
ʌ,܎s,ʌ܎s
ʌ,܎s΋,ʌ܎s΋
ʌ,܎s΋,ʌ܎s΋
ʌ,zs,ʌzs
ʌ,FJs,ʌFJs
ʌ,s,ʌs
ʌ,scs,ʌscs
ʌ,s,ʌs
ʌ,s,ʌs
ʌ,є\s,ʌє\s
ʌ,{s,ʌ{s
ʌ,{s,ʌ{s
ʌ,Rs,ʌRs
ʌ,ts,ʌts
ʌ,Rs,ʌRs
ʌ,Hs,ʌHs
ʌ,s,ʌs
ʌ,[Js,ʌ[Js
ʌ,s,ʌs
ʌ,s,ʌs
ʌ,zJs,ʌzJs
ʌ,ns,ʌns
ʌ,˓cs,ʌ˓cs
ʌ,Ԏs,ʌԎs
ʌ,s,ʌs
ʌ,u؎s,ʌu؎s
ʌ,as,ʌas
ʌ,Vs,ʌVs
ʌ,s,ʌs
ʌ,vs,ʌvs
ʌ,k{s,ʌk{s
ʌ,s,ʌs
ʌ,xms,ʌxms
ʌ,Os,ʌOs
ʌ,@cs,ʌ@cs
ʌ,ˎs,ʌˎs
ʌ,Ks,ʌKs
ʌ,߃s,ʌ߃s
ʌ,s,ʌs
ʌ,gs,ʌgs
ʌ,ӂݖs,ʌӂݖs
ʌ,s,ʌs
ʌ,ɓޒ,ʌɓޒ
ʌ,OF,ʌOF
ʌ,јCR,ʌјCR
ʌ,z,ʌz
ʌ,쒬,ʌ쒬
ʌ,R,ʌR
ʌ,쒬,ʌ쒬
ʌ,쓇,ʌ쓇
ʌ,g,ʌg
ʌ,R,ʌR
ʌ,Ƃ풬,ʌƂ풬
ʌ,,ʌ
ʌ,F쒬,ʌF쒬
ʌ,Ғ,ʌҒ
ʌ,쒬,ʌ쒬
ʌ,,ʌ
ʌ,,ʌ
ʌ,_쒬,ʌ_쒬
ʌ,㗢,ʌ㗢
ʌ,񋏒,ʌ񋏒
ʌ,{㒬,ʌ{㒬
ʌ,˒,ʌ˒
ʌ,,ʌ
Qn,Os,QnOs
Qn,s,Qns
Qn,ːs,Qnːs
Qn,ɐs,Qnɐs
Qn,cs,Qncs
Qn,cs,Qncs
Qn,ٗюs,Qnٗюs
Qn,as,Qnas
Qn,s,Qns
Qn,xs,Qnxs
Qn,s,Qns
Qn,݂ǂs,Qn݂ǂs
Qn,Y,QnY
Qn,g,Qng
Qn,쑺,Qn쑺
Qn,_,Qn_
Qn,mc,Qnmc
Qn,q,Qnq
Qn,Êy,QnÊy
Qn,V,QnV
Qn,쌴,Qn쌴
Qn,ڗ,Qnڗ
Qn,Ò,QnÒ
Qn,R,QnR
Qn,Ȓ,QnȒ
Qn,Еi,QnЕi
Qn,ꑺ,Qnꑺ
Qn,a,Qna
Qn,݂Ȃݒ,Qn݂Ȃݒ
Qn,ʑ,Qnʑ
Qn,q,Qnq
Qn,a,Qna
Qn,c,Qnc
Qn,,Qn
Qn,Wy,QnWy
t,ts,tts
t,tsԌ,ttsԌ
t,tsы,ttsы
t,tst,ttst
t,ts΋,tts΋
t,tsl,ttsl
t,qs,tqs
t,ss,tss
t,Ds,tDs
t,َRs,tَRs
t,؍XÎs,t؍XÎs
t,ˎs,tˎs
t,cs,tcs
t,Όs,tΌs
t,cs,tcs
t,qs,tqs
t,s,ts
t,s,ts
t,Kus,tKus
t,s,ts
t,Ys,tYs
t,ss,tss
t,Rs,tRs
t,s,ts
t,䑷qs,t䑷qs
t,s,ts
t,PJs,tPJs
t,NÎs,tNÎs
t,xÎs,txÎs
t,Ys,tYs
t,lXs,tlXs
t,PYs,tPYs
t,Xs,tXs
t,󐼎s,t󐼎s
t,s,ts
t,xs,txs
t,[s,t[s
t,xs,txs
t,s,ts
t,Rs,tRs
t,ݎs,tݎs
t,Ԕs,tԔs
t,X䒬,tX䒬
t,h,th
t,_蒬,t_蒬
t,Ò,tÒ
t,,t
t,\㗢,t\㗢
t,ŎR,tŎR
t,Ō,tŌ
t,{,t{
t,r,tr
t,,t
t,q,tq
t,,t
t,쒬,t쒬
t,命쒬,t命쒬
t,h,th
t,쒬,t쒬
Hc,Hcs,HcHcs
Hc,\s,Hc\s
Hc,s,Hcs
Hc,َs,Hcَs
Hc,js,Hcjs
Hc,s,Hcs
Hc,ps,Hcps
Hc,R{s,HcR{s
Hc,s,Hcs
Hc,s,Hcs
Hc,kHcs,HckHcs
Hc,ɂَs,Hcɂَs
Hc,ks,Hcks
Hc,⒬,Hc⒬
Hc,㏬m,Hc㏬m
Hc,,Hc
Hc,O풬,HcO풬
Hc,,Hc
Hc,܏ڒ,Hc܏ڒ
Hc,Y,HcY
Hc,쒬,Hc쒬
Hc,劃,Hc劃
Hc,,Hc
Hc,H㒬,HcH㒬
Hc,,Hc
R`,R`s,R`R`s
R`,đs,R`đs
R`,߉s,R`߉s
R`,cs,R`cs
R`,Vs,R`Vs
R`,͍]s,R`͍]s
R`,Rs,R`Rs
R`,Rs,R`Rs
R`,s,R`s
R`,Vs,R`Vs
R`,s,R`s
R`,ԑs,R`ԑs
R`,zs,R`zs
R`,RӒ,R`RӒ
R`,R,R`R
R`,͖k,R`͖k
R`,쒬,R`쒬
R`,,R`
R`,],R`]
R`,Γc,R`Γc
R`,R,R`R
R`,ŏ㒬,R`ŏ㒬
R`,M`,R`M`
R`,^쒬,R`^쒬
R`,呠,R`呠
R`,쑺,R`쑺
R`,ˑ,R`ˑ
R`,,R`
R`,쐼,R`쐼
R`,,R`
R`,钬,R`钬
R`,іL,R`іL
R`,O쒬,R`O쒬
R`,,R`
R`,V,R`V
{錧,st,{錧st
{錧,s{,{錧s{
{錧,sы,{錧sы
{錧,s,{錧s
{錧,s,{錧s
{錧,Ίs,{錧Ίs
{錧,}s,{錧}s
{錧,Cs,{錧Cs
{錧,Ύs,{錧Ύs
{錧,s,{錧s
{錧,pcs,{錧pcs
{錧,s,{錧s
{錧,s,{錧s
{錧,oĎs,{錧oĎs
{錧,Is,{錧Is
{錧,s,{錧s
{錧,s,{錧s
{錧,xJs,{錧xJs
{錧,,{錧
{錧,h,{錧h
{錧,͌,{錧͌
{錧,c,{錧c
{錧,ēc,{錧ēc
{錧,蒬,{錧蒬
{錧,ېX,{錧ېX
{錧,j,{錧j
{錧,R,{錧R
{錧,,{錧
{錧,l,{錧l
{錧,{,{錧{
{錧,a,{錧a
{錧,勽,{錧勽
{錧,t,{錧t
{錧,F,{錧F
{錧,,{錧
{錧,OJ,{錧OJ
{錧,,{錧
{錧,쒬,{錧쒬
{錧,O,{錧O
茧,s,茧s
茧,{Îs,茧{Îs
茧,Dns,茧Dns
茧,Ԋs,茧Ԋs
茧,ks,茧ks
茧,vs,茧vs
茧,s,茧s
茧,֎s,茧֎s
茧,Ocs,茧Ocs
茧,Ύs,茧Ύs
茧,ˎs,茧ˎs
茧,s,茧s
茧,Bs,茧Bs
茧,s,茧s
茧,Β,茧Β
茧,,茧
茧,蒬,茧蒬
茧,g,茧g
茧,В,茧В
茧,a꒬,茧a꒬
茧,P蒬,茧P蒬
茧,,茧
茧,Zc,茧Zc
茧,ƒ,茧ƒ
茧,Rc,茧Rc
茧,,茧
茧,c씨,茧c씨
茧,㑺,茧㑺
茧,yĒ,茧yĒ
茧,c,茧c
茧,ˑ,茧ˑ
茧,m쒬,茧m쒬
茧,˒,茧˒
X,Xs,XXs
X,OOs,XOOs
X,ˎs,Xˎs
X,Ύs,XΎs
X,܏쌴s,X܏쌴s
X,\acs,X\acs
X,Os,XOs
X,ނs,Xނs
X,s,Xs
X,s,Xs
X,,X
X,ʒ,Xʒ
X,Hc,XHc
X,Ol,XOl
X,˃,X˃
X,[Y,X[Y
X,ډ,Xډ
X,蒬,X蒬
X,k,Xk
X,cɊّ,XcɊّ
X,,X
X,ߓc,Xߓc
X,,X
X,Ӓn,XӒn
X,˒,X˒
X,Z˒,XZ˒
X,l,Xl
X,k,Xk
X,Z,XZ
X,点,X点
X,Ԓ,XԒ
X,ʑ,Xʑ
X,ԉY,XԉY
X,䑺,X䑺
X,O˒,XO˒
X,܌˒,X܌˒
X,cq,Xcq
X,암,X암
X,K㒬,XK㒬
X,V,XV
kC,Dys,kCDys
kC,Dysk,kCDysk
kC,Dys,kCDys
kC,Dys΋,kCDys΋
kC,DysL,kCDysL
kC,Dys,kCDys
kC,Dys,kCDys
kC,Dysʋ,kCDysʋ
kC,Dys,kCDys
kC,Dysc,kCDysc
kC,َs,kCَs
kC,Ms,kCMs
kC,s,kCs
kC,s,kCs
kC,Hs,kCHs
kC,эLs,kCэLs
kC,ks,kCks
kC,[s,kC[s
kC,〈s,kC〈s
kC,ԑs,kCԑs
kC,Gs,kCGs
kC,Ϗqs,kCϏqs
kC,ts,kCts
kC,Ss,kCSs
kC,ʎs,kCʎs
kC,]ʎs,kC]ʎs
kC,ԕs,kCԕs
kC,ʎs,kCʎs
kC,mʎs,kCmʎs
kC,s,kCs
kC,O}s,kCO}s
kC,s,kCs
kC,Ύs,kCΎs
kC,s,kCs
kC,s,kCs
kC,̎us,kC̎us
kC,[s,kC[s
kC,xǖs,kCxǖs
kC,oʎs,kCoʎs
kC,bs,kCbs
kC,ɒBs,kCɒBs
kC,kLs,kCkLs
kC,Ύs,kCΎs
kC,kls,kCkls
kC,ʒ,kCʒ
kC,VÑ,kCVÑ
kC,O,kCO
kC,,kC
kC,m,kCm
kC,،Ó,kC،Ó
kC,ђ,kCђ
kC,,kC
kC,X,kCX
kC,_,kC_
kC,,kC
kC,],kC]
kC,m,kCm
kC,򕔒,kC򕔒
kC,,kC
kC,K,kCK
kC,,kC
kC,Ȓ,kCȒ
kC,q,kCq
kC,s,kCs
kC,,kC
kC,z,kCz
kC,jZR,kCjZR
kC,^둺,kC^둺
kC,s,kCs
kC,Εʒ,kCΕʒ
kC,ɒ,kCɒ
kC,m,kCm
kC,a,kCa
kC,,kC
kC,,kC
kC,_b,kC_b
kC,ϒO,kCϒO
kC,Õ,kCÕ
kC,mؒ,kCmؒ
kC,]s,kC]s
kC,Ԉ쑺,kCԈ쑺
kC,y,kCy
kC,ވ],kCވ]
kC,㍻쒬,kC㍻쒬
kC,Rm,kCRm
kC,,kC
kC,IR,kCIR
kC,`,kC`
kC,YP,kCYP
kC,V\Ð쒬,kCV\Ð쒬
kC,w,kCw
kC,ʒ,kCʒ
kC,J,kCJ
kC,k,kCk
kC,c,kCc
kC,鐲,kC鐲
kC,_y,kC_y
kC,,kC
kC,z,kCz
kC,ʒ,kCʒ
kC,쒬,kC쒬
kC,쒬,kC쒬
kC,l,kCl
kC,xǖ쒬,kCxǖ쒬
kC,xǖ쒬,kCxǖ쒬
kC,xǖ쒬,kCxǖ쒬
kC,芥,kC芥
kC,a,kCa
kC,,kC
kC,쒬,kC쒬
kC,[,kC[
kC,Ўq{,kCЎq{
kC,쒬,kC쒬
kC,y,kCy
kC,ђ,kCђ
kC,,kC
kC,ϑO,kCϑO
kC,Hy,kCHy
kC,Rʑ,kCRʑ
kC,ʒ,kCʒ
kC,V,kCV
kC,,kC
kC,lڕʒ,kClڕʒ
kC,ڕʒ,kCڕʒ
kC,}K,kC}K
kC,Lx,kCLx
kC,當,kC當
kC,K,kCK
kC,Kxm,kCKxm
kC,y,kCy
kC,y,kCy
kC,Õʒ,kCÕʒ
kC,Η,kCΗ
kC,,kC
kC,,kC
kC,Pq{,kCPq{
kC,u˒,kCu˒
kC,CԒ,kCCԒ
kC,y,kCy
kC,Nʒ,kCNʒ
kC,㒬,kC㒬
kC,,kC
kC,,kC
kC,Y,kCY
kC,,kC
kC,LY,kCLY
kC,s˒,kCs˒
kC,V,kCV
kC,^,kC^
kC,Β,kCΒ
kC,,kC
kC,ނ풬,kCނ풬
kC,,kC
kC,撬,kC撬
kC,V,kCV
kC,Y͒,kCY͒
kC,l,kCl
kC,,kC
kC,VЂ,kCVЂ
kC,X,kCX
kC,my,kCmy
kC,my,kCmy
kC,ǒ,kCǒ
kC,V,kCV
kC,,kC
kC,莺,kC莺
kC,D,kCD
kC,Xʑ,kCXʑ
kC,,kC
kC,L,kCL
kC,ʒ,kCʒ
kC,rc,kCrc
kC,L,kCL
kC,{ʒ,kC{ʒ
kC,,kC
kC,ʒ,kCʒ
kC,Yy,kCYy
kC,H,kCH
kC,ݒ,kCݒ
kC,l,kCl
kC,W,kCW
kC,q,kCq
kC,ߋ,kCߋ
kC,f,kCf
kC,ʊC,kCʊC
kC,WÒ,kCWÒ
kC,WÒ,kCWÒ
kC,P,kCP
kC,FO,kCFO
kC,,kC
kC,ʑ,kCʑ
kC,ʑ,kCʑ
kC,ѓߑ,kCѓߑ
kC,A摺,kCA摺
V,Vsk,VVsk
V,Vs,VVs
V,Vs,VVs
V,Vs],VVs]
V,VsHt,VVsHt
V,Vs,VVs
V,Vs,VVs
V,Vs,VVs
V,s,Vs
V,Os,VOs
V,s,Vs
V,Vcs,VVcs
V,Js,VJs
V,Ύs,VΎs
V,\s,V\s
V,s,Vs
V,s,Vs
V,s,Vs
V,s,Vs
V,s,Vs
V,ܐs,Vܐs
V,zs,Vzs
V,s,Vs
V,ns,Vns
V,s,Vs
V,싛s,V싛s
V,ٓs,Vٓs
V,Ē,VĒ
V,F,VF
V,c㒬,Vc㒬
V,꒬,V꒬
V,o_蒬,Vo_蒬
V,,V
V,Ó쒬,VÓ쒬
V,H,VH
V,֐쑺,V֐쑺
V,Y,VY
xR,xRs,xRxRs
xR,s,xRs
xR,Îs,xRÎs
xR,Xs,xRXs
xR,s,xRs
xR,s,xRs
xR,vgs,xRvgs
xR,s,xRs
xR,vs,xRvs
xR,ːs,xRːs
xR,M,xRM
xR,s,xRs
xR,R,xRR
xR,P,xRP
xR,,xR
ΐ쌧,s,ΐ쌧s
ΐ쌧,s,ΐ쌧s
ΐ쌧,s,ΐ쌧s
ΐ쌧,֓s,ΐ쌧֓s
ΐ쌧,Fs,ΐ쌧Fs
ΐ쌧,s,ΐ쌧s
ΐ쌧,Hs,ΐ쌧Hs
ΐ쌧,قs,ΐ쌧قs
ΐ쌧,Rs,ΐ쌧Rs
ΐ쌧,\s,ΐ쌧\s
ΐ쌧,Xss,ΐ쌧Xss
ΐ쌧,k,ΐ쌧k
ΐ쌧,Ô,ΐ쌧Ô
ΐ쌧,咬,ΐ쌧咬
ΐ쌧,u꒬,ΐ쌧u꒬
ΐ쌧,Bu,ΐ쌧Bu
ΐ쌧,\o,ΐ쌧\o
ΐ쌧,,ΐ쌧
ΐ쌧,\o,ΐ쌧\o
䌧,s,䌧s
䌧,։s,䌧։s
䌧,ls,䌧ls
䌧,s,䌧s
䌧,Rs,䌧Rs
䌧,I]s,䌧I]s
䌧,s,䌧s
䌧,zOs,䌧zOs
䌧,s,䌧s
䌧,i,䌧i
䌧,rc,䌧rc
䌧,zO,䌧zO
䌧,zO,䌧zO
䌧,l,䌧l
䌧,l,䌧l
䌧,,䌧
䌧,ዷ,䌧ዷ
R,b{s,Rb{s
R,xmgcs,Rxmgcs
R,ss,Rss
R,Rs,RRs
R,匎s,R匎s
R,Bs,RBs
R,AvXs,RAvXs
R,kms,Rkms
R,bs,Rbs
R,Js,RJs
R,쌴s,R쌴s
R,bBs,RbBs
R,s,Rs
R,sO,RsO
R,쒬,R쒬
R,g,Rg
R,암,R암
R,xm쒬,Rxm쒬
R,a,Ra
R,u,Ru
R,j,Rj
R,E쑺,RE쑺
R,RΑ,RRΑ
R,,R
R,xm͌Β,Rxm͌Β
R,,R
R,OgR,ROgR
쌧,s,쌧s
쌧,{s,쌧{s
쌧,cs,쌧cs
쌧,Js,쌧Js
쌧,ѓcs,쌧ѓcs
쌧,zKs,쌧zKs
쌧,{s,쌧{s
쌧,s,쌧s
쌧,ɓߎs,쌧ɓߎs
쌧,s,쌧s
쌧,s,쌧s
쌧,咬s,쌧咬s
쌧,юRs,쌧юRs
쌧,s,쌧s
쌧,Ks,쌧Ks
쌧,vs,쌧vs
쌧,Ȏs,쌧Ȏs
쌧,s,쌧s
쌧,ܖs,쌧ܖs
쌧,C,쌧C
쌧,㑺,쌧㑺
쌧,q,쌧q
쌧,쑊ؑ,쌧쑊ؑ
쌧,kؑ,쌧kؑ
쌧,v䒬,쌧v䒬
쌧,y,쌧y
쌧,c,쌧c
쌧,Ȓ,쌧Ȓ
쌧,ؑ,쌧ؑ
쌧,a,쌧a
쌧,zK,쌧zK
쌧,xm,쌧xm
쌧,,쌧
쌧,C쒬,쌧C쒬
쌧,֒,쌧֒
쌧,ѓ,쌧ѓ
쌧,얥֑,쌧얥֑
쌧,쑺,쌧쑺
쌧,{c,쌧{c
쌧,쒬,쌧쒬
쌧,X,쌧X
쌧,쒬,쌧쒬
쌧,q,쌧q
쌧,J,쌧J
쌧,H,쌧H
쌧,,쌧
쌧,ؑ,쌧ؑ
쌧,V,쌧V
쌧,ו,쌧ו
쌧,ؑ,쌧ؑ
쌧,Lu,쌧Lu
쌧,厭,쌧厭
쌧,㏼,쌧㏼
쌧,ؑ],쌧ؑ]
쌧,ؑc,쌧ؑc
쌧,ꑺ,쌧ꑺ
쌧,K,쌧K
쌧,ؑ],쌧ؑ]
쌧,ё,쌧ё
쌧,⑺,쌧⑺
쌧,R`,쌧R`
쌧,,쌧
쌧,}k,쌧}k
쌧,rc,쌧rc
쌧,쑺,쌧쑺
쌧,n,쌧n
쌧,J,쌧J
쌧,钬,쌧钬
쌧,z{,쌧z{
쌧,R,쌧R
쌧,Rm,쌧Rm
쌧,ؓ,쌧ؓ
쌧,򉷐,쌧򉷐
쌧,MZ,쌧MZ
쌧,쑺,쌧쑺
쌧,эj,쌧эj
쌧,h,쌧h
򕌌,򕌎s,򕌌򕌎s
򕌌,_s,򕌌_s
򕌌,Rs,򕌌Rs
򕌌,s,򕌌s
򕌌,֎s,򕌌֎s
򕌌,Ðs,򕌌Ðs
򕌌,Zs,򕌌Zs
򕌌,Qs,򕌌Qs
򕌌,Hs,򕌌Hs
򕌌,bߎs,򕌌bߎs
򕌌,ZΎs,򕌌ZΎs
򕌌,ys,򕌌ys
򕌌,es,򕌌es
򕌌,s,򕌌s
򕌌,Rs,򕌌Rs
򕌌,s,򕌌s
򕌌,ˎs,򕌌ˎs
򕌌,{s,򕌌{s
򕌌,Ss,򕌌Ss
򕌌,Cs,򕌌Cs
򕌌,CÎs,򕌌CÎs
򕌌,쒬,򕌌쒬
򕌌,},򕌌}
򕌌,{V,򕌌{V
򕌌,䒬,򕌌䒬
򕌌,փP,򕌌փP
򕌌,_˒,򕌌_˒
򕌌,֔V,򕌌֔V
򕌌,,򕌌
򕌌,K쒬,򕌌K쒬
򕌌,쒬,򕌌쒬
򕌌,rc,򕌌rc
򕌌,k,򕌌k
򕌌,j,򕌌j
򕌌,x,򕌌x
򕌌,Ӓ,򕌌Ӓ
򕌌,@,򕌌@
򕌌,SÒ,򕌌SÒ
򕌌,쒬,򕌌쒬
򕌌,쑺,򕌌쑺
򕌌,䐓,򕌌䐓
򕌌,쑺,򕌌쑺
É,És,ÉÉs
É,Ésx͋,ÉÉsx͋
É,És,ÉÉs
É,Ésls,ÉÉsls
É,És,ÉÉs
É,És,ÉÉs
É,És,ÉÉs
É,És,ÉÉs
É,Ésk,ÉÉsk
É,Éslk,ÉÉslk
É,ÉsV,ÉÉsV
É,Îs,ÉÎs
É,MCs,ÉMCs
É,Os,ÉOs
É,xm{s,Éxm{s
É,ɓs,Éɓs
É,cs,Écs
É,xms,Éxms
É,֓cs,É֓cs
É,ĒÎs,ÉĒÎs
É,|s,É|s
É,}s,É}s
É,as,Éas
É,܈s,É܈s
É,cs,Écs
É,s,És
É,ΐs,Éΐs
É,ɓs,Éɓs
É,Os,ÉOs
É,es,Ées
É,ɓ̍s,Éɓ̍s
É,qVs,ÉqVs
É,ɓ,Éɓ
É,͒Ò,É͒Ò
É,ɓ,Éɓ
É,蒬,É蒬
É,ɓ,Éɓ
É,쒬,É쒬
É,,É
É,,É
É,R,ÉR
É,gc,Égc
É,썪{,É썪{
É,X,ÉX
m,És,mÉs
m,És,mÉs
m,Ésk,mÉsk
m,És,mÉs
m,És,mÉs
m,És,mÉs
m,Ésa,mÉsa
m,És,mÉs
m,ÉsMc,mÉsMc
m,És,mÉs
m,És`,mÉs`
m,És,mÉs
m,ÉsR,mÉsR
m,És΋,mÉs΋
m,És,mÉs
m,ÉsV,mÉsV
m,Ls,mLs
m,s,ms
m,{s,m{s
m,ˎs,mˎs
m,cs,mcs
m,ts,mts
m,Ls,mLs
m,Ós,mÓs
m,ɓs,mɓs
m,Js,mJs
m,Lcs,mLcs
m,s,ms
m,s,ms
m,Ss,mSs
m,Rs,mRs
m,튊s,m튊s
m,]s,m]s
m,qs,mqs
m,s,ms
m,Vs,mVs
m,Cs,mCs
m,{s,m{s
m,ms,mms
m,ms,mms
m,s,ms
m,ls,mls
m,qs,mqs
m,Ls,mLs
m,is,mis
m,cs,mcs
m,s,ms
m,{s,m{s
m,kÉs,mkÉs
m,xs,mxs
m,݂悵s,m݂悵s
m,܎s,m܎s
m,vs,mvs
m,,m
m,LR,mLR
m,,m
m,}K,m}K
m,厡,m厡
m,I],mI]
m,򓇑,m򓇑
m,v䒬,mv䒬
m,Y,mY
m,m,mm
m,l,ml
m,L,mL
m,Kc,mKc
m,݊y,m݊y
m,h,mh
m,L,mL
Od,Îs,OdÎs
Od,lss,Odlss
Od,ɐs,Odɐs
Od,s,Ods
Od,Ks,OdKs
Od,鎭s,Od鎭s
Od,s,Ods
Od,hs,Odhs
Od,TRs,OdTRs
Od,Hs,OdHs
Od,Fs,OdFs
Od,Ȃ׎s,OdȂ׎s
Od,us,Odus
Od,ɉs,Odɉs
Od,ؑ],Odؑ]
Od,,Od
Od,Ԗ쒬,OdԖ쒬
Od,,Od
Od,z,Odz
Od,C,OdC
Od,a,Oda
Od,䒬,Od䒬
Od,ʏ钬,Odʏ钬
Od,x,Odx
Od,I,OdI
Od,ɐ,Odɐ
Od,Ik,OdIk
Od,l,Odl
Od,I,OdI
ꌧ,Îs,ꌧÎs
ꌧ,Îs,ꌧÎs
ꌧ,Fs,ꌧFs
ꌧ,ls,ꌧls
ꌧ,ߍ]s,ꌧߍ]s
ꌧ,Îs,ꌧÎs
ꌧ,Rs,ꌧRs
ꌧ,Is,ꌧIs
ꌧ,bs,ꌧbs
ꌧ,Fs,ꌧFs
ꌧ,Γs,ꌧΓs
ꌧ,s,ꌧs
ꌧ,ߍ]s,ꌧߍ]s
ꌧ,Čs,ꌧČs
ꌧ,쒬,ꌧ쒬
ꌧ,,ꌧ
ꌧ,,ꌧ
ꌧ,L,ꌧL
ꌧ,bǒ,ꌧbǒ
ꌧ,꒬,ꌧ꒬
s{,ssk,s{ssk
s{,ss㋞,s{ss㋞
s{,ss,s{ss
s{,ss,s{ss
s{,ssR,s{ssR
s{,ss,s{ss
s{,ss,s{ss
s{,ssE,s{ssE
s{,ss,s{ss
s{,ssRȋ,s{ssRȋ
s{,ss,s{ss
s{,mRs,s{mRs
s{,ߎs,s{ߎs
s{,s,s{s
s{,Fs,s{Fs
s{,{Îs,s{{Îs
s{,Ts,s{Ts
s{,zs,s{zs
s{,s,s{s
s{,s,s{s
s{,s,s{s
s{,cӎs,s{cӎs
s{,Os,s{Os
s{,Os,s{Os
s{,ؒÐs,s{ؒÐs
s{,R蒬,s{R蒬
s{,vR,s{vR
s{,蒬,s{蒬
s{,Fc,s{Fc
s{,}u,s{}u
s{,a,s{a
s{,ؒ,s{ؒ
s{,R鑺,s{R鑺
s{,Og,s{Og
s{,ɍ,s{ɍ
s{,^Ӗ쒬,s{^Ӗ쒬
{,ss,{ss
{,s,{s
{,sԋ,{sԋ
{,s,{s
{,s`,{s`
{,s吳,{s吳
{,sV,{sV
{,sQ,{sQ
{,s,{s
{,s,{s
{,s,{s
{,s,{s
{,s,{s
{,s铌,{s铌
{,s{,{s{
{,sZg,{sZg
{,sZg,{sZg
{,s,{s
{,s,{s
{,sߌ,{sߌ
{,sZV],{sZV]
{,s,{s
{,sk,{sk
{,s,{s
{,s,{s
{,s,{s
{,s,{s
{,s,{s
{,s,{s
{,sk,{sk
{,s,{s
{,ݘacs,{ݘacs
{,Ls,{Ls
{,rcs,{rcs
{,cs,{cs
{,Îs,{Îs
{,Ύs,{Ύs
{,Lˎs,{Lˎs
{,s,{s
{,s,{s
{,؎s,{؎s
{,s,{s
{,򍲖s,{򍲖s
{,xcюs,{xcюs
{,Qs,{Qs
{,͓s,{͓s
{,s,{s
{,哌s,{哌s
{,as,{as
{,ʎs,{ʎs
{,s,{s
{,Hgs,{Hgs
{,^s,{^s
{,ےÎs,{ےÎs
{,Ύs,{Ύs
{,䎛s,{䎛s
{,s,{s
{,s,{s
{,ls,{ls
{,s,{s
{,㋷Rs,{㋷Rs
{,s,{s
{,{,{{
{,L\,{L\
{,\,{\
{,,{
{,F撬,{F撬
{,cK,{cK
{,,{
{,q,{q
{,͓쒬,{͓쒬
{,瑁ԍ㑺,{瑁ԍ㑺
Ɍ,_ˎs,Ɍ_ˎs
Ɍ,_ˎs,Ɍ_ˎs
Ɍ,_ˎsɋ,Ɍ_ˎsɋ
Ɍ,_ˎsc,Ɍ_ˎsc
Ɍ,_ˎs{,Ɍ_ˎs{
Ɍ,_ˎs,Ɍ_ˎs
Ɍ,_ˎsk,Ɍ_ˎsk
Ɍ,_ˎs,Ɍ_ˎs
Ɍ,_ˎs,Ɍ_ˎs
Ɍ,PHs,ɌPHs
Ɍ,s,Ɍs
Ɍ,Ύs,ɌΎs
Ɍ,{s,Ɍ{s
Ɍ,F{s,ɌF{s
Ɍ,s,Ɍs
Ɍ,ɒOs,ɌɒOs
Ɍ,s,Ɍs
Ɍ,Ls,ɌLs
Ɍ,Ðs,ɌÐs
Ɍ,ԕs,Ɍԕs
Ɍ,es,Ɍes
Ɍ,ˎs,Ɍˎs
Ɍ,O؎s,ɌO؎s
Ɍ,s,Ɍs
Ɍ,쐼s,Ɍ쐼s
Ɍ,s,Ɍs
Ɍ,Ocs,ɌOcs
Ɍ,s,Ɍs
Ɍ,Rs,ɌRs
Ɍ,{s,Ɍ{s
Ɍ,Ogs,ɌOgs
Ɍ,삠킶s,Ɍ삠킶s
Ɍ,s,Ɍs
Ɍ,WHs,ɌWHs
Ɍ,s,Ɍs
Ɍ,s,Ɍs
Ɍ,̎s,Ɍ̎s
Ɍ,쒬,Ɍ쒬
Ɍ,,Ɍ
Ɍ,,Ɍ
Ɍ,d,Ɍd
Ɍ,s쒬,Ɍs쒬
Ɍ,蒬,Ɍ蒬
Ɍ,_͒,Ɍ_͒
Ɍ,q,Ɍq
Ɍ,S,ɌS
Ɍ,p,Ɍp
Ɍ,,Ɍ
Ɍ,V,ɌV
ޗǌ,ޗǎs,ޗǌޗǎs
ޗǌ,acs,ޗǌacs
ޗǌ,aSRs,ޗǌaSRs
ޗǌ,Vs,ޗǌVs
ޗǌ,s,ޗǌs
ޗǌ,s,ޗǌs
ޗǌ,ܞs,ޗǌܞs
ޗǌ,䏊s,ޗǌ䏊s
ޗǌ,s,ޗǌs
ޗǌ,Ŏs,ޗǌŎs
ޗǌ,s,ޗǌs
ޗǌ,FɎs,ޗǌFɎs
ޗǌ,RY,ޗǌRY
ޗǌ,Q,ޗǌQ
ޗǌ,O,ޗǌO
ޗǌ,,ޗǌ
ޗǌ,g,ޗǌg
ޗǌ,쐼,ޗǌ쐼
ޗǌ,O,ޗǌO
ޗǌ,c{,ޗǌc{
ޗǌ,],ޗǌ]
ޗǌ,,ޗǌ
ޗǌ,撬,ޗǌ撬
ޗǌ,,ޗǌ
ޗǌ,q,ޗǌq
ޗǌ,,ޗǌ
ޗǌ,L˒,ޗǌL˒
ޗǌ,͍,ޗǌ͍
ޗǌ,g쒬,ޗǌg쒬
ޗǌ,嗄,ޗǌ嗄
ޗǌ,s,ޗǌs
ޗǌ,ꑺ,ޗǌꑺ
ޗǌ,V쑺,ޗǌV쑺
ޗǌ,씗쑺,ޗǌ씗쑺
ޗǌ,\Ð쑺,ޗǌ\Ð쑺
ޗǌ,kR,ޗǌkR
ޗǌ,kR,ޗǌkR
ޗǌ,㑺,ޗǌ㑺
ޗǌ,g쑺,ޗǌg쑺
a̎R,a̎Rs,a̎Ra̎Rs
a̎R,Cs,a̎RCs
a̎R,{s,a̎R{s
a̎R,Lcs,a̎RLcs
a̎R,Vs,a̎RVs
a̎R,cӎs,a̎Rcӎs
a̎R,V{s,a̎RV{s
a̎R,I̐s,a̎RI̐s
a̎R,os,a̎Ros
a̎R,I쒬,a̎RI쒬
a̎R,炬,a̎R炬
a̎R,xR,a̎RxR
a̎R,쒬,a̎R쒬
a̎R,,a̎R
a̎R,L쒬,a̎RL쒬
a̎R,Lc쒬,a̎RLc쒬
a̎R,l,a̎Rl
a̎R,,a̎R
a̎R,Rǒ,a̎RRǒ
a̎R,쒬,a̎R쒬
a̎R,݂Ȃג,a̎R݂Ȃג
a̎R,쒬,a̎R쒬
a̎R,l,a̎Rl
a̎R,xc,a̎Rxc
a̎R,ݒ,a̎Rݒ
a̎R,ߒqY,a̎RߒqY
a̎R,n,a̎Rn
a̎R,Í쒬,a̎RÍ쒬
a̎R,kR,a̎RkR
a̎R,{,a̎R{
挧,s,挧s
挧,Ďqs,挧Ďqs
挧,qgs,挧qgs
挧,`s,挧`s
挧,,挧
挧,,挧
挧,q,挧q
挧,,挧
挧,O,挧O
挧,l,挧l
挧,ՉY,挧ՉY
挧,kh,挧kh
挧,gÑ,挧gÑ
挧,R,挧R
挧,암,挧암
挧,˒,挧˒
挧,쒬,挧쒬
挧,쒬,挧쒬
挧,]{,挧]{
,]s,]s
,lcs,lcs
,o_s,o_s
,vcs,vcs
,cs,cs
,s,s
,]Îs,]Îs
,_s,_s
,o_,o_
,ѓ쒬,ѓ쒬
,{,{
,,
,W쒬,W쒬
,Øa쒬,Øa쒬
,g꒬,g꒬
,Cm,Cm
,m,m
,mv,mv
,B̓,B̓
R,Rsk,RRsk
R,Rs,RRs
R,Rs,RRs
R,Rs,RRs
R,q~s,Rq~s
R,ÎRs,RÎRs
R,ʖs,Rʖs
R,}s,R}s
R,䌴s,R䌴s
R,Ўs,RЎs
R,s,Rs
R,Vs,RVs
R,Os,ROs
R,˓s,R˓s
R,Ԕ֎s,RԔ֎s
R,^s,R^s
R,s,Rs
R,s,Rs
R,aC,RaC
R,,R
R,,R
R,|,R|
R,V,RV
R,쒬,R쒬
R,,R
R,ދ`,Rދ`
R,q,Rq
R,vē쒬,Rvē쒬
R,璬,R璬
R,g,Rg
L,Ls,LLs
L,Ls,LLs
L,Ls,LLs
L,Ls,LLs
L,Ls,LLs
L,Lsk,LLsk
L,Ls|,LLs|
L,Ls,LLs
L,s,Ls
L,|s,L|s
L,Os,LOs
L,s,Ls
L,Rs,LRs
L,{s,L{s
L,Os,LOs
L,s,Ls
L,|s,L|s
L,Ls,LLs
L,ss,Lss
L,|cs,L|cs
L,]cs,L]cs
L,{,L{
L,Cc,LCc
L,F쒬,LF쒬
L,⒬,L⒬
L,|c,L|c
L,kL,LkL
L,㓇,L㓇
L,,L
L,_΍,L_΍
R,֎s,R֎s
R,Fs,RFs
R,Rs,RRs
R,s,Rs
R,h{s,Rh{s
R,s,Rs
R,⍑s,R⍑s
R,s,Rs
R,s,Rs
R,s,Rs
R,Is,RIs
R,s,Rs
R,Rzcs,RRzcs
R,h哇,Rh哇
R,aؒ,Raؒ
R,֒,R֒
R,cz{,Rcz{
R,,R
R,,R
,s,s
,s,s
,s,s
,s,s
,gs,gs
,gs,gs
,ns,ns
,ODs,ODs
,Y,Y
,㏟,㏟
,߉͓,߉͓
,Έ䒬,Έ䒬
,_R,_R
,߉꒬,߉꒬
,,
,g,g
,Cz,Cz
,Β,Β
,k,k
,Z,Z
,쒬,쒬
,,
,邬,邬
,݂悵,݂悵
쌧,s,쌧s
쌧,ۋTs,쌧ۋTs
쌧,os,쌧os
쌧,Pʎs,쌧Pʎs
쌧,ωs,쌧ωs
쌧,ʂs,쌧ʂs
쌧,s,쌧s
쌧,OLs,쌧OLs
쌧,y,쌧y
쌧,,쌧
쌧,Oؒ,쌧Oؒ
쌧,,쌧
쌧,FÒ,쌧FÒ
쌧,쒬,쌧쒬
쌧,Օ,쌧Օ
쌧,xÒ,쌧xÒ
쌧,܂̂,쌧܂̂
Q,Rs,QRs
Q,s,Qs
Q,Fas,QFas
Q,ls,Qls
Q,Vls,QVls
Q,s,Qs
Q,Fs,QFs
Q,ɗ\s,Qɗ\s
Q,ls,Qls
Q,\s,Q\s
Q,s,Qs
Q,㓇,Q㓇
Q,v,Qv
Q,O,QO
Q,u,Qu
Q,q,Qq
Q,ɕ,Qɕ
Q,쒬,Q쒬
Q,Sk,QSk
Q,쒬,Q쒬
m,ms,mms
m,ˎs,mˎs
m,|s,m|s
m,썑s,m썑s
m,ys,mys
m,{s,m{s
m,hюs,mhюs
m,ys,mys
m,l\s,ml\s
m,s,ms
m,s,ms
m,m,mm
m,ޔ,mޔ
m,c쒬,mc쒬
m,c,mc
m,k쑺,mk쑺
m,nH,mnH
m,|,m|
m,{R,m{R
m,L,mL
m,y,my
m,쑺,m쑺
m,̒,m̒
m,m쒬,mm쒬
m,y,my
m,쒬,m쒬
m,zm,mzm
m,,m
m,,m
m,Ö쒬,mÖ쒬
m,l\,ml\
m,匎,m匎
m,O,mO
m,,m
,kBsi,kBsi
,kBsᏼ,kBsᏼ
,kBs˔,kBs˔
,kBsqk,kBsqk
,kBsq,kBsq
,kBs,kBs
,kBs,kBs
,s,s
,s,s
,s,s
,s,s
,s,s
,s,s
,sǋ,sǋ
,喴cs,喴cs
,vĎs,vĎs
,s,s
,ђˎs,ђˎs
,cs,cs
,s,s
,s,s
,}s,}s
,s,s
,ss,ss
,LOs,LOs
,Ԏs,Ԏs
,Ss,Ss
,}s,}s
,ts,ts
,s,s
,@s,@s
,ɕ{s,ɕ{s
,És,És
,Îs,Îs
,͎s,͎s
,{s,{s
,Ös,Ös
,qs,qs
,݂܎s,݂܎s
,s,s
,߉ϐ쒬,߉ϐ쒬
,F,F
,I,I
,uƒ,uƒ
,{b,{b
,V{,V{
,vR,vR
,,
,,
,,
,_,_
,꒬,꒬
,|,|
,Ǝ蒬,Ǝ蒬
,j쒬,j쒬
,}O,}O
,,
,品,品
,ؒ,ؒ
,L쒬,L쒬
,t,t
,Yc,Yc
,c,c
,蒬,蒬
,C,C
,ԑ,ԑ
,q,q
,c,c
,݂₱,݂₱
,gx,gx
,ђ,ђ
,z㒬,z㒬
ꌧ,s,ꌧs
ꌧ,Îs,ꌧÎs
ꌧ,s,ꌧs
ꌧ,vs,ꌧvs
ꌧ,ɖs,ꌧɖs
ꌧ,Ys,ꌧYs
ꌧ,s,ꌧs
ꌧ,s,ꌧs
ꌧ,s,ꌧs
ꌧ,_s,ꌧ_s
ꌧ,g샖,ꌧg샖
ꌧ,R,ꌧR
ꌧ,,ꌧ
ꌧ,݂₫,ꌧ݂₫
ꌧ,C,ꌧC
ꌧ,Lc,ꌧLc
ꌧ,咬,ꌧ咬
ꌧ,]k,ꌧ]k
ꌧ,Β,ꌧΒ
ꌧ,ǒ,ꌧǒ
茧,s,茧s
茧,ێs,茧ێs
茧,s,茧s
茧,|s,茧|s
茧,呺s,茧呺s
茧,ˎs,茧ˎs
茧,Ys,茧Ys
茧,Δns,茧Δns
茧,s,茧s
茧,ܓs,茧ܓs
茧,Cs,茧Cs
茧,_s,茧_s
茧,쓇s,茧쓇s
茧,^,茧^
茧,Ò,茧Ò
茧,ދn,茧ދn
茧,I,茧I
茧,g,茧g
茧,l꒬,茧l꒬
茧,X,茧X
茧,Vܓ,茧Vܓ
F{,F{s,F{F{s
F{,F{s,F{F{s
F{,F{s,F{F{s
F{,F{s,F{F{s
F{,F{sk,F{F{sk
F{,s,F{s
F{,lgs,F{lgs
F{,rs,F{rs
F{,s,F{s
F{,ʖs,F{ʖs
F{,Rs,F{Rs
F{,ers,F{ers
F{,Fys,F{Fys
F{,Vs,F{Vs
F{,Fs,F{Fs
F{,hs,F{hs
F{,Vs,F{Vs
F{,us,F{us
F{,,F{
F{,ʓ,F{ʓ
F{,֒,F{֒
F{,F,F{F
F{,a,F{a
F{,Ò,F{Ò
F{,ez,F{ez
F{,쏬,F{쏬
F{,,F{
F{,YR,F{YR
F{,X,F{X
F{,,F{
F{,숢h,F{숢h
F{,D,F{D
F{,Ó,F{Ó
F{,v钬,F{v钬
F{,b,F{b
F{,Rs,F{Rs
F{,X쒬,F{X쒬
F{,k,F{k
F{,Óޖؒ,F{Óޖؒ
F{,ђ,F{ђ
F{,ǖؒ,F{ǖؒ
F{,O,F{O
F{,㑺,F{㑺
F{,Ǒ,F{Ǒ
F{,ܖؑ,F{ܖؑ
F{,R],F{R]
F{,,F{
F{,蒬,F{蒬
F{,k,F{k
啪,啪s,啪啪s
啪,ʕ{s,啪ʕ{s
啪,Îs,啪Îs
啪,cs,啪cs
啪,s,啪s
啪,Pns,啪Pns
啪,Ëvs,啪Ëvs
啪,|cs,啪|cs
啪,L㍂cs,啪L㍂cs
啪,nzs,啪nzs
啪,Fs,啪Fs
啪,Ls,啪Ls
啪,Rzs,啪Rzs
啪,s,啪s
啪,P,啪P
啪,o,啪o
啪,d,啪d
啪,쒬,啪쒬
{茧,{s,{茧{s
{茧,ss,{茧ss
{茧,s,{茧s
{茧,s,{茧s
{茧,юs,{茧юs
{茧,s,{茧s
{茧,Ԏs,{茧Ԏs
{茧,ss,{茧ss
{茧,т̎s,{茧т̎s
{茧,OҒ,{茧OҒ
{茧,,{茧
{茧,x,{茧x
{茧,,{茧
{茧,璬,{茧璬
{茧,Vx,{茧Vx
{茧,ėǑ,{茧ėǑ
{茧,؏钬,{茧؏钬
{茧,쒬,{茧쒬
{茧,s_,{茧s_
{茧,쒬,{茧쒬
{茧,ˑ,{茧ˑ
{茧,ŗt,{茧ŗt
{茧,,{茧
{茧,䒬,{茧䒬
{茧,Ve,{茧Ve
{茧,܃,{茧܃
,s,s
,s,s
,s,s
,vs,vs
,os,os
,whs,whs
,V\s,V\s
,s,s
,Fs,Fs
,us,us
,]s,]s
,s,s
,ؖs,ؖs
,삳܎s,삳܎s
,uzus,uzus
,s,s
,Bs,Bs
,ɍs,ɍs
,ǎs,ǎs
,O,O
,\,\
,ܒ,ܒ
,,
,N,N
,蒬,蒬
,ǒ,ǒ
,э],э]
,,
,̕t,̕t
,q,q
,q,q
,v,v
,a,a
,F,F
,˓,˓
,,
,E,E
,V,V
,V钬,V钬
,ɐ咬,ɐ咬
,a,a
,m,m
,^_,^_
ꌧ,ߔes,ꌧߔes
ꌧ,Xps,ꌧXps
ꌧ,Ί_s,ꌧΊ_s
ꌧ,YYs,ꌧYYs
ꌧ,s,ꌧs
ꌧ,s,ꌧs
ꌧ,s,ꌧs
ꌧ,Ls,ꌧLs
ꌧ,܎s,ꌧ܎s
ꌧ,{Ós,ꌧ{Ós
ꌧ,s,ꌧs
ꌧ,,ꌧ
ꌧ,X,ꌧX
ꌧ,,ꌧ
ꌧ,Am,ꌧAm
ꌧ,{,ꌧ{
ꌧ,[,ꌧ[
ꌧ,X,ꌧX
ꌧ,,ꌧ
ꌧ,ɍ],ꌧɍ]
ꌧ,ǒJ,ꌧǒJ
ꌧ,Î[,ꌧÎ[
ꌧ,kJ,ꌧkJ
ꌧ,k鑺,ꌧk鑺
ꌧ,鑺,ꌧ鑺
ꌧ,,ꌧ
ꌧ,^ߌ,ꌧ^ߌ
ꌧ,앗,ꌧ앗
ꌧ,nÕ~,ꌧnÕ~
ꌧ,Ԗ,ꌧԖ
ꌧ,,ꌧ
ꌧ,n쑺,ꌧn쑺
ꌧ,哌,ꌧ哌
ꌧ,k哌,ꌧk哌
ꌧ,ɕ,ꌧɕ
ꌧ,ɐ,ꌧɐ
ꌧ,vē,ꌧvē
ꌧ,d,ꌧd
ꌧ,Ǌԑ,ꌧǊԑ
ꌧ,|x,ꌧ|x
ꌧ,^ߍ,ꌧ^ߍ
